time_s,road_mm,baseline_mm,revised_mm
0.00000000,-5.00000000,-5.00000000,-5.00000000
0.00500000,-5.00000000,-5.00000000,-5.00000000
0.01000000,-5.00000000,-5.00000000,-5.00000000
0.01500000,-5.00000000,-5.00000000,-5.00000000
0.02000000,-5.00000000,-5.00000000,-5.00000000
0.02500000,-5.00000000,-5.00000000,-5.00000000
0.03000000,-5.00000000,-5.00000000,-5.00000000
0.03500000,-5.00000000,-5.00000000,-5.00000000
0.04000000,-5.00000000,-5.00000000,-5.00000000
0.04500000,-5.00000000,-5.00000000,-5.00000000
0.05000000,-5.00000000,-5.00000000,-5.00000000
0.05500000,-5.00000000,-5.00000000,-5.00000000
0.06000000,-5.00000000,-5.00000000,-5.00000000
0.06500000,-5.00000000,-5.00000000,-5.00000000
0.07000000,-5.00000000,-5.00000000,-5.00000000
0.07500000,-5.00000000,-5.00000000,-5.00000000
0.08000000,-5.00000000,-5.00000000,-5.00000000
0.08500000,-5.00000000,-5.00000000,-5.00000000
0.09000000,-5.00000000,-5.00000000,-5.00000000
0.09500000,-5.00000000,-5.00000000,-5.00000000
0.10000000,-5.00000000,-5.00000000,-5.00000000
0.10500000,-5.00000000,-5.00000000,-5.00000000
0.11000000,-5.00000000,-5.00000000,-5.00000000
0.11500000,-5.00000000,-5.00000000,-5.00000000
0.12000000,-5.00000000,-5.00000000,-5.00000000
0.12500000,-5.00000000,-5.00000000,-5.00000000
0.13000000,-5.00000000,-5.00000000,-5.00000000
0.13500000,-5.00000000,-5.00000000,-5.00000000
0.14000000,-5.00000000,-5.00000000,-5.00000000
0.14500000,-5.00000000,-5.00000000,-5.00000000
0.15000000,-5.00000000,-5.00000000,-5.00000000
0.15500000,-5.00000000,-5.00000000,-5.00000000
0.16000000,-5.00000000,-5.00000000,-5.00000000
0.16500000,-5.00000000,-5.00000000,-5.00000000
0.17000000,-5.00000000,-5.00000000,-5.00000000
0.17500000,-5.00000000,-5.00000000,-5.00000000
0.18000000,-5.00000000,-5.00000000,-5.00000000
0.18500000,-5.00000000,-5.00000000,-5.00000000
0.19000000,-5.00000000,-5.00000000,-5.00000000
0.19500000,-5.00000000,-5.00000000,-5.00000000
0.20000000,-5.00000000,-5.00000000,-5.00000000
0.20500000,-5.00000000,-5.00000000,-5.00000000
0.21000000,-5.00000000,-5.00000000,-5.00000000
0.21500000,-5.00000000,-5.00000000,-5.00000000
0.22000000,-5.00000000,-5.00000000,-5.00000000
0.22500000,-5.00000000,-5.00000000,-5.00000000
0.23000000,-5.00000000,-5.00000000,-5.00000000
0.23500000,-5.00000000,-5.00000000,-5.00000000
0.24000000,-5.00000000,-5.00000000,-5.00000000
0.24500000,-5.00000000,-5.00000000,-5.00000000
0.25000000,-5.00000000,-5.00000000,-5.00000000
0.25500000,-5.00000000,-5.00000000,-5.00000000
0.26000000,-5.00000000,-5.00000000,-5.00000000
0.26500000,-5.00000000,-5.00000000,-5.00000000
0.27000000,-5.00000000,-5.00000000,-5.00000000
0.27500000,-5.00000000,-5.00000000,-5.00000000
0.28000000,-5.00000000,-5.00000000,-5.00000000
0.28500000,-5.00000000,-5.00000000,-5.00000000
0.29000000,-5.00000000,-5.00000000,-5.00000000
0.29500000,-5.00000000,-5.00000000,-5.00000000
0.30000000,-5.00000000,-5.00000000,-5.00000000
0.30500000,-5.00000000,-5.00000000,-5.00000000
0.31000000,-5.00000000,-5.00000000,-5.00000000
0.31500000,-5.00000000,-5.00000000,-5.00000000
0.32000000,-5.00000000,-5.00000000,-5.00000000
0.32500000,-5.00000000,-5.00000000,-5.00000000
0.33000000,-5.00000000,-5.00000000,-5.00000000
0.33500000,-5.00000000,-5.00000000,-5.00000000
0.34000000,-5.00000000,-5.00000000,-5.00000000
0.34500000,-5.00000000,-5.00000000,-5.00000000
0.35000000,-5.00000000,-5.00000000,-5.00000000
0.35500000,-5.00000000,-5.00000000,-5.00000000
0.36000000,-5.00000000,-5.00000000,-5.00000000
0.36500000,-5.00000000,-5.00000000,-5.00000000
0.37000000,-5.00000000,-5.00000000,-5.00000000
0.37500000,-5.00000000,-5.00000000,-5.00000000
0.38000000,-5.00000000,-5.00000000,-5.00000000
0.38500000,-5.00000000,-5.00000000,-5.00000000
0.39000000,-5.00000000,-5.00000000,-5.00000000
0.39500000,-5.00000000,-5.00000000,-5.00000000
0.40000000,-5.00000000,-5.00000000,-5.00000000
0.40500000,-5.00000000,-5.00000000,-5.00000000
0.41000000,-5.00000000,-5.00000000,-5.00000000
0.41500000,-5.00000000,-5.00000000,-5.00000000
0.42000000,-5.00000000,-5.00000000,-5.00000000
0.42500000,-5.00000000,-5.00000000,-5.00000000
0.43000000,-5.00000000,-5.00000000,-5.00000000
0.43500000,-5.00000000,-5.00000000,-5.00000000
0.44000000,-5.00000000,-5.00000000,-5.00000000
0.44500000,-5.00000000,-5.00000000,-5.00000000
0.45000000,-5.00000000,-5.00000000,-5.00000000
0.45450000,5.00000000,-3.59314468,-3.89722613
0.45950000,5.00000000,-1.26462129,-2.57712102
0.46450000,5.00000000,1.52989947,-1.20173999
0.46950000,5.00000000,4.42430984,0.18640973
0.47450000,5.00000000,7.07966743,1.54916362
0.47950000,5.00000000,9.21979934,2.85323224
0.48450000,5.00000000,10.65603947,4.07054595
0.48950000,5.00000000,11.29943485,5.17842333
0.49450000,5.00000000,11.16035344,6.15957854
0.49950000,5.00000000,10.33686306,7.00198482
0.50450000,5.00000000,8.99438068,7.69861389
0.50950000,5.00000000,7.33981961,8.24707161
0.51450000,5.00000000,5.59374654,8.64915108
0.51950000,5.00000000,3.96391740,8.91032408
0.52450000,5.00000000,2.62304979,9.03919107
0.52950000,5.00000000,1.69290883,9.04690894
0.53450000,5.00000000,1.23584827,8.94661404
0.53950000,5.00000000,1.25398276,8.75285636
0.54450000,5.00000000,1.69528269,8.48105862
0.54950000,5.00000000,2.46517199,8.14701169
0.55450000,5.00000000,3.44173419,7.76641597
0.55950000,5.00000000,4.49242182,7.35447557
0.56450000,5.00000000,5.49021492,6.92555037
0.56950000,5.00000000,6.32745318,6.49286873
0.57450000,5.00000000,6.92601656,6.06830179
0.57950000,5.00000000,7.24308339,5.66219858
0.58450000,5.00000000,7.27227746,5.28327959
0.58950000,5.00000000,7.04055891,4.93858520
0.59450000,5.00000000,6.60165935,4.63347422
0.59950000,5.00000000,6.02716939,4.37166719
0.60450000,5.00000000,5.39653701,4.15532825
0.60950000,5.00000000,4.78722605,3.98517924
0.61450000,5.00000000,4.26613479,3.86063938
0.61950000,5.00000000,3.88311585,3.77998410
0.62450000,5.00000000,3.66711184,3.74051668
0.62950000,5.00000000,3.62507001,3.73874670
0.63450000,5.00000000,3.74346700,3.77056984
0.63950000,5.00000000,3.99199608,3.83144422
0.64450000,5.00000000,4.32877107,3.91655878
0.64950000,5.00000000,4.70629706,4.02099040
0.65450000,5.00000000,5.07744956,4.13984656
0.65950000,5.00000000,5.40078296,4.26839150
0.66450000,5.00000000,5.64463629,4.40215443
0.66950000,5.00000000,5.78969690,4.53701868
0.67450000,5.00000000,5.82989343,4.66929175
0.67950000,5.00000000,5.77169222,4.79575636
0.68450000,5.00000000,5.63204512,4.91370332
0.68950000,5.00000000,5.43536324,5.02094732
0.69450000,5.00000000,5.20996250,5.11582712
0.69950000,5.00000000,4.98443996,5.19719179
0.70450000,5.00000000,4.78439916,5.26437506
0.70950000,5.00000000,4.62985971,5.31715952
0.71450000,5.00000000,4.53357272,5.35573301
0.71950000,5.00000000,4.50033832,5.38063898
0.72450000,5.00000000,4.52729708,5.39272296
0.72950000,5.00000000,4.60505993,5.39307690
0.73450000,5.00000000,4.71946030,5.38298311
0.73950000,5.00000000,4.85366397,5.36385937
0.74450000,5.00000000,4.99035991,5.33720644
0.74950000,5.00000000,5.11377470,5.30455919
0.75450000,5.00000000,5.21130073,5.26744222
0.75950000,5.00000000,5.27459390,5.22733058
0.76450000,5.00000000,5.30007206,5.18561621
0.76950000,5.00000000,5.28882080,5.14358021
0.77450000,5.00000000,5.24597931,5.10237110
0.77950000,5.00000000,5.17973101,5.06298906
0.78450000,5.00000000,5.10005478,5.02627574
0.78950000,5.00000000,5.01740382,4.99290944
0.79450000,5.00000000,4.94146962,4.96340513
0.79950000,5.00000000,4.88016235,4.93811883
0.80450000,5.00000000,4.83890055,4.91725563
0.80950000,5.00000000,4.82025833,4.90088094
0.81450000,5.00000000,4.82397240,4.88893409
0.81950000,5.00000000,4.84727031,4.88124386
0.82450000,5.00000000,4.88544892,4.87754514
0.82950000,5.00000000,4.93261111,4.87749635
0.83450000,5.00000000,4.98246053,4.88069684
0.83950000,5.00000000,5.02905800,4.88670408
0.84450000,5.00000000,5.06745795,4.89504990
0.84950000,5.00000000,5.09416507,4.90525580
0.85450000,5.00000000,5.10737844,4.91684668
0.85950000,5.00000000,5.10701771,4.92936312
0.86450000,5.00000000,5.09455128,4.94237174
0.86950000,5.00000000,5.07266679,4.95547388
0.87450000,5.00000000,5.04483795,4.96831230
0.87950000,5.00000000,5.01484771,4.98057607
0.88450000,5.00000000,4.98632645,4.99200372
0.88950000,5.00000000,4.96235609,5.00238473
0.89450000,5.00000000,4.94517803,5.01155945
0.89950000,5.00000000,4.93602726,5.01941777
0.90400000,-5.00000000,3.72133863,4.04975907
0.90900000,-5.00000000,1.46517674,2.74288526
0.91400000,-5.00000000,-1.28734976,1.37488905
0.91900000,-5.00000000,-4.17170491,-0.01127407
0.92400000,-5.00000000,-6.84672858,-1.37689774
0.92900000,-5.00000000,-9.03089077,-2.68808177
0.93400000,-5.00000000,-10.52796700,-3.91610055
0.93900000,-5.00000000,-11.24033369,-5.03759394
0.94400000,-5.00000000,-11.16967692,-6.03459496
0.94900000,-5.00000000,-10.40635763,-6.89441174
0.95400000,-5.00000000,-9.10983295,-7.60938264
0.95900000,-5.00000000,-7.48329588,-8.17652528
0.96400000,-5.00000000,-5.74601910,-8.59710020
0.96900000,-5.00000000,-4.10678237,-8.87611029
0.97400000,-5.00000000,-2.74128513,-9.02175616
0.97900000,-5.00000000,-1.77568807,-9.04486693
0.98400000,-5.00000000,-1.27750678,-8.95832396
0.98900000,-5.00000000,-1.25411770,-8.77649381
0.99400000,-5.00000000,-1.65824539,-8.51468422
0.99900000,-5.00000000,-2.39907425,-8.18863515
1.00400000,-5.00000000,-3.35713235,-7.81405439
1.00900000,-5.00000000,-4.40086182,-7.40620511
1.01400000,-5.00000000,-5.40281809,-6.97955073
1.01900000,-5.00000000,-6.25369891,-6.54745990
1.02400000,-5.00000000,-6.87283933,-6.12197313
1.02900000,-5.00000000,-7.21435348,-5.71363015
1.03400000,-5.00000000,-7.26868405,-5.33135612
1.03900000,-5.00000000,-7.05986640,-4.98240306
1.04400000,-5.00000000,-6.63926857,-4.67234206
1.04900000,-5.00000000,-6.07688808,-4.40510087
1.05400000,-5.00000000,-5.45145000,-4.18304085
1.05900000,-5.00000000,-4.84055594,-4.00706691
1.06400000,-5.00000000,-4.31199655,-3.87676396
1.06900000,-5.00000000,-3.91709076,-3.79055324
1.07400000,-5.00000000,-3.68659469,-3.74586226
1.07900000,-5.00000000,-3.62937401,-3.73930237
1.08400000,-5.00000000,-3.73369998,-3.76684835
1.08900000,-5.00000000,-3.97074605,-3.82401510
1.09400000,-5.00000000,-4.29965691,-3.90602704
1.09900000,-5.00000000,-4.67344943,-4.00797658
1.10400000,-5.00000000,-5.04498840,-4.12496857
1.10900000,-5.00000000,-5.37235111,-4.25224861
1.11400000,-5.00000000,-5.62303627,-4.38531339
1.11900000,-5.00000000,-5.77666130,-4.52000233
1.12400000,-5.00000000,-5.82600079,-4.65256999
1.12900000,-5.00000000,-5.77642277,-4.77973954
1.13400000,-5.00000000,-5.64395526,-4.89873794
1.13900000,-5.00000000,-5.45234647,-5.00731389
1.14400000,-5.00000000,-5.22955820,-5.10373997
1.14900000,-5.00000000,-5.00414980,-5.18680073
1.15400000,-5.00000000,-4.80197461,-5.25576847
1.15900000,-5.00000000,-4.64353087,-5.31036881
1.16400000,-5.00000000,-4.54219887,-5.35073803
1.16900000,-5.00000000,-4.50347116,-5.37737426
1.17400000,-5.00000000,-4.52515878,-5.39108441
1.17900000,-5.00000000,-4.59844747,-5.39292884
1.18400000,-5.00000000,-4.70959450,-5.38416533
1.18900000,-5.00000000,-4.84200647,-5.36619408
1.19400000,-5.00000000,-4.97842194,-5.34050491
1.19900000,-5.00000000,-5.10294039,-5.30862795
1.20400000,-5.00000000,-5.20268343,-5.27208869
1.20900000,-5.00000000,-5.26893828,-5.23236812
1.21400000,-5.00000000,-5.29770845,-5.19086836
1.21900000,-5.00000000,-5.28967121,-5.14888424
1.22400000,-5.00000000,-5.24960925,-5.10758087
1.22900000,-5.00000000,-5.18543628,-5.06797698
1.23400000,-5.00000000,-5.10696975,-5.03093416
1.23900000,-5.00000000,-5.02461660,-4.99715129
1.24400000,-5.00000000,-4.94813045,-4.96716396
1.24900000,-5.00000000,-4.88557344,-4.94134829
1.25400000,-5.00000000,-4.84257931,-4.91992851
1.25900000,-5.00000000,-4.82196950,-4.90298774
1.26400000,-5.00000000,-4.82372871,-4.89048136
1.26900000,-5.00000000,-4.84530499,-4.88225223
1.27400000,-5.00000000,-4.88216603,-4.87804726
1.27900000,-5.00000000,-4.92852173,-4.87753467
1.28400000,-5.00000000,-4.97811350,-4.88032143
1.28900000,-5.00000000,-5.02497369,-4.88597043
1.29400000,-5.00000000,-5.06407220,-4.89401689
1.29900000,-5.00000000,-5.09178860,-4.90398374
1.30400000,-5.00000000,-5.10617478,-4.91539559
1.30900000,-5.00000000,-5.10700011,-4.92779112
1.31400000,-5.00000000,-5.09559701,-4.94073379
1.31900000,-5.00000000,-5.07454537,-4.95382061
1.32400000,-5.00000000,-5.04724863,-4.96668918
1.32900000,-5.00000000,-5.01746099,-4.97902275
1.33400000,-5.00000000,-4.98882448,-4.99055366
1.33900000,-5.00000000,-4.96446752,-5.00106495
1.34400000,-5.00000000,-4.94670395,-5.01039055
1.34900000,-5.00000000,-4.93685608,-5.01841408
1.35350000,5.00000000,-3.90633868,-4.17507312
1.35850000,5.00000000,-1.71952674,-2.87685291
1.36350000,5.00000000,0.99980460,-1.51300989
1.36850000,5.00000000,3.88708408,-0.12688515
1.37350000,5.00000000,6.59702138,1.24236285
1.37850000,5.00000000,8.84076073,2.56033460
1.38350000,5.00000000,10.41272360,3.79777643
1.38850000,5.00000000,11.20517884,4.93078845
1.39350000,5.00000000,11.21017759,5.94086794
1.39850000,5.00000000,10.50996209,6.81480490
1.40350000,5.00000000,9.25814883,7.54444911
1.40850000,5.00000000,7.65479143,8.12636870
1.41350000,5.00000000,5.91879658,8.56142153
1.41850000,5.00000000,4.26110136,8.85426001
1.42350000,5.00000000,2.86157568,9.01279012
1.42850000,5.00000000,1.85187888,9.04760376
1.43350000,5.00000000,1.30558979,8.97140249
1.43850000,5.00000000,1.23596529,8.79842891
1.44350000,5.00000000,1.60077953,8.54391977
1.44850000,5.00000000,2.31295000,8.22359308
1.45350000,5.00000000,3.25513623,7.85317886
1.45850000,5.00000000,4.29623676,7.44800130
1.46350000,5.00000000,5.30771269,7.02261765
1.46850000,5.00000000,6.17790398,6.59051721
1.47350000,5.00000000,6.82292486,6.16388171
1.47850000,5.00000000,7.19326182,5.75340676
1.48350000,5.00000000,7.27577752,5.36818224
1.48850000,5.00000000,7.09137610,5.01562842
1.49350000,5.00000000,6.68905137,4.70148336
1.49850000,5.00000000,6.13737336,4.42983618
1.50350000,5.00000000,5.51464882,4.20320034
1.50850000,5.00000000,4.89901158,4.02262064
1.51350000,5.00000000,4.35957465,3.88780725
1.51850000,5.00000000,3.94953637,3.79729033
1.52350000,5.00000000,3.70181745,3.74858895
1.52850000,5.00000000,3.62745771,3.73838808
1.53350000,5.00000000,3.71666443,3.76271822
1.53850000,5.00000000,3.94211427,3.81713262
1.54350000,5.00000000,4.26389731,3.89687755
1.54850000,5.00000000,4.63536933,3.99705199
1.55350000,5.00000000,5.00915291,4.11275365
1.55850000,5.00000000,5.34259053,4.23920889
1.56350000,5.00000000,5.60208879,4.37188499
1.56850000,5.00000000,5.76597711,4.50658364
1.57350000,5.00000000,5.82571297,4.63951527
1.57850000,5.00000000,5.78547069,4.76735440
1.58350000,5.00000000,5.66033046,4.88727661
1.58850000,5.00000000,5.47342027,4.99697814
1.59350000,5.00000000,5.25244518,5.09467955
1.59850000,5.00000000,5.02606222,5.17911512
1.60350000,5.00000000,4.82052849,5.24950979
1.60850000,5.00000000,4.65697403,5.30554566
1.61350000,5.00000000,4.54954331,5.34732006
1.61850000,5.00000000,4.50452484,5.37529723
1.62350000,5.00000000,4.52046367,5.39025567
1.62850000,5.00000000,4.58914088,5.39323287
1.63350000,5.00000000,4.69721744,5.38546935
1.63850000,5.00000000,4.82828629,5.36835343
1.64350000,5.00000000,4.96505675,5.34336822
1.64850000,5.00000000,5.09140946,5.31204188
1.65350000,5.00000000,5.19410231,5.27590222
1.65850000,5.00000000,5.26397050,5.23643626
1.66350000,5.00000000,5.29653774,5.19505534
1.66850000,5.00000000,5.29203110,5.15306611
1.67350000,5.00000000,5.25486069,5.11164744
1.67850000,5.00000000,5.19267929,5.07183328
1.68350000,5.00000000,5.11517300,5.03450122
1.68850000,5.00000000,5.03274828,5.00036651
1.69350000,5.00000000,4.95527534,4.96998094
1.69850000,5.00000000,4.89102457,4.94373629
1.70350000,5.00000000,4.84589623,4.92187153
1.70850000,5.00000000,4.82300027,4.90448333
1.71350000,5.00000000,4.82259678,4.89153919
1.71850000,5.00000000,4.84236623,4.88289250
1.72350000,5.00000000,4.87794392,4.87829899
1.72850000,5.00000000,4.92363032,4.87743398
1.73350000,5.00000000,4.97317822,4.87990979
1.73850000,5.00000000,5.02055918,4.88529298
1.74350000,5.00000000,5.06062462,4.89312085
1.74850000,5.00000000,5.08959747,4.90291690
1.75350000,5.00000000,5.10535661,4.91420501
1.75850000,5.00000000,5.10750336,4.92652196
1.76350000,5.00000000,5.09722561,4.93942830
1.76850000,5.00000000,5.07699617,4.95251737
1.77350000,5.00000000,5.05015708,4.96542244
1.77850000,5.00000000,5.02044892,4.97782205
1.78350000,5.00000000,4.99154448,4.98944351
1.78850000,5.00000000,4.96663914,5.00006477
1.79350000,5.00000000,4.94813841,5.00951473
1.79850000,5.00000000,4.93746814,5.01767212
1.80300000,-5.00000000,4.08218153,4.29950993
1.80800000,-5.00000000,1.96812283,3.01037466
1.81300000,-5.00000000,-0.71431505,1.65108049
1.81800000,-5.00000000,-3.60097621,0.26534756
1.82300000,-5.00000000,-6.34282579,-1.10721829
1.82800000,-5.00000000,-8.64396588,-2.43172120
1.83300000,-5.00000000,-10.28962412,-3.67838068
1.83800000,-5.00000000,-11.16199337,-4.82275695
1.84300000,-5.00000000,-11.24340271,-5.84580997
1.84800000,-5.00000000,-10.60779225,-6.73380899
1.85300000,-5.00000000,-9.40268902,-7.47811155
1.85800000,-5.00000000,-7.82472816,-8.07483199
1.86300000,-5.00000000,-6.09217586,-8.52442051
1.86800000,-5.00000000,-4.41788729,-8.83117383
1.87300000,-5.00000000,-2.98572222,-9.00269784
1.87800000,-5.00000000,-1.93273111,-9.04934175
1.88300000,-5.00000000,-1.33852600,-8.98362200
1.88800000,-5.00000000,-1.22228700,-8.81965216
1.89300000,-5.00000000,-1.54694087,-8.57259329
1.89800000,-5.00000000,-2.22928350,-8.25813718
1.90300000,-5.00000000,-3.15427251,-7.89203235
1.90800000,-5.00000000,-4.19142962,-7.48966078
1.91300000,-5.00000000,-5.21126962,-7.06567099
1.91800000,-5.00000000,-6.09988911,-6.63367085
1.92300000,-5.00000000,-6.77025286,-6.20598190
1.92800000,-5.00000000,-7.16924449,-5.79345468
1.93300000,-5.00000000,-7.28012682,-5.40534340
1.93800000,-5.00000000,-7.12061545,-5.04923668
1.94300000,-5.00000000,-6.73724544,-4.73104000
1.94800000,-5.00000000,-6.19706012,-4.45500469
1.95300000,-5.00000000,-5.57784685,-4.22379747
1.95800000,-5.00000000,-4.95818034,-4.03860437
1.96300000,-5.00000000,-4.40842380,-3.89926234
1.96800000,-5.00000000,-3.98360807,-3.80441214
1.97300000,-5.00000000,-3.71879946,-3.75166606
1.97800000,-5.00000000,-3.62722021,-3.73778440
1.98300000,-5.00000000,-3.70104518,-3.75885507
1.98800000,-5.00000000,-3.91450319,-3.81047121
1.99300000,-5.00000000,-4.22868858,-3.88790242
1.99800000,-5.00000000,-4.59735718,-3.98625559
2.00300000,-5.00000000,-4.97294550,-4.10062242
2.00800000,-5.00000000,-5.31210665,-4.22621106
2.01300000,-5.00000000,-5.58018565,-4.35846018
2.01800000,-5.00000000,-5.75423778,-4.49313435
2.02300000,-5.00000000,-5.82440070,-4.62640033
2.02800000,-5.00000000,-5.79363788,-4.75488429
2.03300000,-5.00000000,-5.67605348,-4.87571053
2.03800000,-5.00000000,-5.49412041,-4.98652281
2.04300000,-5.00000000,-5.27525013,-5.08548951
2.04800000,-5.00000000,-5.04816289,-5.17129440
2.05300000,-5.00000000,-4.83949110,-5.24311470
2.05800000,-5.00000000,-4.67097684,-5.30058855
2.06300000,-5.00000000,-4.55751895,-5.34377384
2.06800000,-5.00000000,-4.50620211,-5.37310046
2.07300000,-5.00000000,-4.51631459,-5.38931790
2.07800000,-5.00000000,-4.58024896,-5.39344031
2.08300000,-5.00000000,-4.68509043,-5.38669038
2.08800000,-5.00000000,-4.81464049,-5.37044412
2.09300000,-5.00000000,-4.95160031,-5.34617744
2.09800000,-5.00000000,-5.07964940,-5.31541612
2.10300000,-5.00000000,-5.18519470,-5.27968990
2.10800000,-5.00000000,-5.25862615,-5.24049155
2.11300000,-5.00000000,-5.29498837,-5.19924140
2.11800000,-5.00000000,-5.29405344,-5.15725769
2.12300000,-5.00000000,-5.25984966,-5.11573294
2.12800000,-5.00000000,-5.19975680,-5.07571619
2.13300000,-5.00000000,-5.12331631,-5.03810103
2.13800000,-5.00000000,-5.04092126,-5.00361907
2.14300000,-5.00000000,-4.96254746,-4.97283837
2.14800000,-5.00000000,-4.89666537,-4.94616643
2.15300000,-5.00000000,-4.84943719,-4.92385708
2.15800000,-5.00000000,-4.82426040,-4.90602067
2.16300000,-5.00000000,-4.82167294,-4.89263697
2.16800000,-5.00000000,-4.83959293,-4.88357005
2.17300000,-5.00000000,-4.87383033,-4.87858464
2.17800000,-5.00000000,-4.91878418,-4.87736333
2.18300000,-5.00000000,-4.96822647,-4.87952394
2.18800000,-5.00000000,-5.01607482,-4.88463686
2.19300000,-5.00000000,-5.05706734,-4.89224159
2.19800000,-5.00000000,-5.08727345,-4.90186237
2.20300000,-5.00000000,-5.10439987,-4.91302242
2.20800000,-5.00000000,-5.10787867,-4.92525673
2.21300000,-5.00000000,-5.09875031,-4.93812304
2.21800000,-5.00000000,-5.07937638,-4.95121104
2.22300000,-5.00000000,-5.05303274,-4.96414976
2.22800000,-5.00000000,-5.02344162,-4.97661301
2.23300000,-5.00000000,-4.99430232,-4.98832312
2.23800000,-5.00000000,-4.96887387,-4.99905294
2.24300000,-5.00000000,-4.94965147,-5.00862629
2.24800000,-5.00000000,-4.93816372,-5.01691701
2.25250000,5.00000000,-4.24893073,-4.42277739
2.25750000,5.00000000,-2.21101322,-3.14319845
2.26250000,5.00000000,0.43085207,-1.78889109
2.26750000,5.00000000,3.31337273,-0.40394657
2.27250000,5.00000000,6.08415250,0.97158781
2.27750000,5.00000000,8.44053295,2.30232387
2.28250000,5.00000000,10.15870662,3.55795660
2.28750000,5.00000000,11.11082114,4.71350684
2.29250000,5.00000000,11.26939637,5.74939634
2.29750000,5.00000000,10.69988739,6.65137136
2.30250000,5.00000000,9.54348404,7.41029387
2.30750000,5.00000000,7.99312529,8.02182016
2.31250000,5.00000000,6.26616389,8.48598790
2.31750000,5.00000000,4.57713529,8.80673271
2.32250000,5.00000000,3.11370989,8.99135469
2.32750000,5.00000000,2.01822264,9.04995462
2.33250000,5.00000000,1.37628933,8.99485808
2.33750000,5.00000000,1.21305612,8.84004411
2.34250000,5.00000000,1.49670518,8.60059290
2.34750000,5.00000000,2.14805550,8.29216527
2.35250000,5.00000000,3.05452858,7.93052400
2.35750000,5.00000000,4.08643516,7.53110522
2.36250000,5.00000000,5.11349083,7.10864560
2.36750000,5.00000000,6.01966247,6.67686915
2.37250000,5.00000000,6.71483614,6.24823536
2.37750000,5.00000000,7.14231696,5.83374847
2.38250000,5.00000000,7.28174810,5.44282632
2.38750000,5.00000000,7.14759936,5.08322571
2.39250000,5.00000000,6.78386287,4.76101984
2.39750000,5.00000000,6.25595658,4.48062296
2.40250000,5.00000000,5.64104788,4.24485608
2.40750000,5.00000000,5.01806167,4.05504778
2.41250000,5.00000000,4.45853960,3.91116335
2.41750000,5.00000000,4.01929848,3.81195581
2.42250000,5.00000000,3.73753157,3.75513245
2.42750000,5.00000000,3.62865177,3.73753071
2.43250000,5.00000000,3.68683308,3.75529765
2.43750000,5.00000000,3.88790523,3.80406808
2.44250000,5.00000000,4.19402542,3.87913649
2.44750000,5.00000000,4.55941030,3.97561918
2.45250000,5.00000000,4.93636616,4.08860315
2.45750000,5.00000000,5.28090183,4.21327948
2.46250000,5.00000000,5.55733106,4.34505918
2.46750000,5.00000000,5.74144868,4.47967049
2.47250000,5.00000000,5.82206983,4.61323706
2.47750000,5.00000000,5.80092993,4.74233707
2.48250000,5.00000000,5.69112905,4.86404378
2.48750000,5.00000000,5.51445030,4.97594850
2.49250000,5.00000000,5.29797490,5.07616736
2.49750000,5.00000000,5.07045204,5.16333338
2.50250000,5.00000000,4.85886122,5.23657573
2.50750000,5.00000000,4.68553690,5.29548819
2.51250000,5.00000000,4.56612262,5.34008873
2.51750000,5.00000000,4.50849946,5.37077233
2.52250000,5.00000000,4.51270813,5.38825899
2.52750000,5.00000000,4.57176876,5.39353888
2.53250000,5.00000000,4.67321130,5.38781637
2.53750000,5.00000000,4.80106782,5.37245457
2.54250000,5.00000000,4.93805233,5.34892171
2.54750000,5.00000000,5.06766085,5.31874075
2.55250000,5.00000000,5.17596197,5.28344294
2.55750000,5.00000000,5.25290709,5.24452644
2.56250000,5.00000000,5.29306245,5.20342026
2.56750000,5.00000000,5.29574031,5.16145401
2.57250000,5.00000000,5.26457798,5.11983367
2.57750000,5.00000000,5.20667019,5.07962328
2.58250000,5.00000000,5.13140050,5.04173234
2.58750000,5.00000000,5.04913580,5.00690881
2.59250000,5.00000000,4.96994651,4.97573704
2.59750000,5.00000000,4.90249508,4.94864033
2.60250000,5.00000000,4.85320109,4.92588748
2.60750000,5.00000000,4.82574862,4.90760265
2.61250000,5.00000000,4.82095593,4.89377800
2.61750000,5.00000000,4.83698395,4.88428849
2.62250000,5.00000000,4.86982439,4.87890800
2.62750000,5.00000000,4.91398276,4.87732654
2.63250000,5.00000000,4.96325804,4.87916764
2.63750000,5.00000000,5.01152074,4.88400567
2.64250000,5.00000000,5.05340079,4.89138250
2.64750000,5.00000000,5.08481716,4.90082321
2.65250000,5.00000000,5.10330529,4.91185055
2.65750000,5.00000000,5.10812681,4.92399779
2.66250000,5.00000000,5.10017181,4.93681995
2.66750000,5.00000000,5.08168654,4.94990317
2.67250000,5.00000000,5.05587597,4.96287227
2.67750000,5.00000000,5.02643923,4.97539638
2.68250000,5.00000000,4.99709794,4.98719287
2.68750000,5.00000000,4.97117150,4.99802949
2.69250000,5.00000000,4.95124277,5.00772497
2.69750000,5.00000000,4.93894239,5.01614825
2.70200000,0.00000000,4.67059310,4.78369906
2.70700000,0.00000000,3.69287282,4.15183221
2.71200000,0.00000000,2.39892827,3.47960413
2.71700000,0.00000000,0.96884179,2.78926006
2.72200000,0.00000000,-0.42079336,2.10107534
2.72700000,0.00000000,-1.61654478,1.43303544
2.73200000,0.00000000,-2.50311568,0.80061187
2.73700000,0.00000000,-3.01241770,0.21662931
2.74200000,0.00000000,-3.12633257,-0.30878250
2.74700000,0.00000000,-2.87351318,-0.76816028
2.75200000,0.00000000,-2.32121378,-1.15661117
2.75700000,0.00000000,-1.56359906,-1.47165926
2.76200000,0.00000000,-0.70822908,-1.71304500
2.76700000,0.00000000,0.13755462,-1.88248802
2.77200000,0.00000000,0.87878637,-1.98342365
2.77700000,0.00000000,1.44235100,-2.02072301
2.78200000,0.00000000,1.78298264,-2.00040591
2.78700000,0.00000000,1.88547252,-1.92935497
2.79200000,0.00000000,1.76323393,-1.81503837
2.79700000,0.00000000,1.45377029,-1.66524756
2.80200000,0.00000000,1.01188612,-1.48785538
2.80700000,0.00000000,0.50164886,-1.29059864
2.81200000,0.00000000,-0.01185519,-1.08088817
2.81700000,0.00000000,-0.47001356,-0.86564852
2.82200000,0.00000000,-0.82665775,-0.65118816
2.82700000,0.00000000,-1.05199351,-0.44310020
2.83200000,0.00000000,-1.13425977,-0.24619315
2.83700000,0.00000000,-1.07916678,-0.06444992
2.84200000,0.00000000,-0.90741094,0.09898672
2.84700000,0.00000000,-0.65075025,0.24180482
2.85200000,0.00000000,-0.34723748,0.36249300
2.85700000,0.00000000,-0.03624018,0.46029234
2.86200000,0.00000000,0.24616473,0.53513356
2.86700000,0.00000000,0.47093864,0.58756296
2.87200000,0.00000000,0.61863627,0.61866016
2.87700000,0.00000000,0.68060330,0.62995075
2.88200000,0.00000000,0.65882361,0.62331683
2.88700000,0.00000000,0.56457548,0.60090788
2.89200000,0.00000000,0.41617438,0.56505441
2.89700000,0.00000000,0.23615461,0.51818632
2.90200000,0.00000000,0.04826862,0.46275760
2.90700000,0.00000000,-0.12533633,0.40117867
2.91200000,0.00000000,-0.26646256,0.33575743
2.91700000,0.00000000,-0.36251151,0.26864934
2.92200000,0.00000000,-0.40732455,0.20181719
2.92700000,0.00000000,-0.40120461,0.13700032
2.93200000,0.00000000,-0.35020229,0.07569318
2.93700000,0.00000000,-0.26482484,0.01913270
2.94200000,0.00000000,-0.15837522,-0.03170608
2.94700000,0.00000000,-0.04514858,-0.07610700
2.95200000,0.00000000,0.06129422,-0.11360324
2.95700000,0.00000000,0.14958818,-0.14396222
2.96200000,0.00000000,0.21162283,-0.16716598
2.96700000,0.00000000,0.24312037,-0.18338800
2.97200000,0.00000000,0.24371796,-0.19296753
2.97700000,0.00000000,0.21659726,-0.19638237
2.98200000,0.00000000,0.16775061,-0.19422093
2.98700000,0.00000000,0.10500551,-0.18715449
2.99200000,0.00000000,0.03694342,-0.17591032
2.99700000,0.00000000,-0.02815330,-0.16124619
3.00200000,0.00000000,-0.08320976,-0.14392702
3.00700000,0.00000000,-0.12303437,-0.12470380
3.01200000,0.00000000,-0.14470989,-0.10429522
3.01700000,0.00000000,-0.14768532,-0.08337225
3.02200000,0.00000000,-0.13358952,-0.06254556
3.02700000,0.00000000,-0.10581722,-0.04235605
3.03200000,0.00000000,-0.06895805,-0.02326818
3.03700000,0.00000000,-0.02815014,-0.00566608
3.04200000,0.00000000,0.01156068,0.01014774
3.04700000,0.00000000,0.04578365,0.02395145
3.05200000,0.00000000,0.07121249,0.03560089
3.05700000,0.00000000,0.08588651,0.04502480
3.06200000,0.00000000,0.08927159,0.05221869
3.06700000,0.00000000,0.08217076,0.05723765
3.07200000,0.00000000,0.06649248,0.06018826
3.07700000,0.00000000,0.04491782,0.06122016
3.08200000,0.00000000,0.02051501,0.06051731
3.08700000,0.00000000,-0.00364950,0.05828935
3.09200000,0.00000000,-0.02485872,0.05476321
3.09700000,0.00000000,-0.04101678,0.05017523
3.10200000,0.00000000,-0.05082133,0.04476381
3.10700000,0.00000000,-0.05382798,0.03876294
3.11200000,0.00000000,-0.05041041,0.03239643
3.11700000,0.00000000,-0.04163201,0.02587311
3.12200000,0.00000000,-0.02905263,0.01938301
3.12700000,0.00000000,-0.01449941,0.01309433
3.13200000,0.00000000,0.00016867,0.00715140
3.13700000,0.00000000,0.01327511,0.00167353
3.14200000,0.00000000,0.02349690,-0.00324545
3.14700000,0.00000000,0.02997749,-0.00753682
3.15200000,0.00000000,0.03237493,-0.01115605
3.15700000,0.00000000,0.03084658,-0.01408132
3.16200000,0.00000000,0.02597868,-0.01631160
3.16700000,0.00000000,0.01867482,-0.01786434
3.17200000,0.00000000,0.01001994,-0.01877305
3.17700000,0.00000000,0.00113822,-0.01908458
3.18200000,0.00000000,-0.00693865,-0.01885644
3.18700000,0.00000000,-0.01337880,-0.01815410
3.19200000,0.00000000,-0.01762356,-0.01704838
3.19700000,0.00000000,-0.01942214,-0.01561297
3.20200000,0.00000000,-0.01882769,-0.01392220
3.20700000,0.00000000,-0.01615931,-0.01204894
3.21200000,0.00000000,-0.01193790,-0.01006291
3.21700000,0.00000000,-0.00680578,-0.00802911
3.22200000,0.00000000,-0.00144108,-0.00600665
3.22700000,0.00000000,0.00352299,-0.00404785
3.23200000,0.00000000,0.00756526,-0.00219756
3.23700000,0.00000000,0.01032400,-0.00049283
3.24200000,0.00000000,0.01162112,0.00103723
3.24700000,0.00000000,0.01146316,0.00237134
3.25200000,0.00000000,0.01002104,0.00349574
3.25700000,0.00000000,0.00759346,0.00440376
3.26200000,0.00000000,0.00455951,0.00509518
3.26700000,0.00000000,0.00132723,0.00557554
3.27200000,0.00000000,-0.00171574,0.00585536
3.27700000,0.00000000,-0.00424403,0.00594931
3.28200000,0.00000000,-0.00602485,0.00587538
3.28700000,0.00000000,-0.00693474,0.00565401
3.29200000,0.00000000,-0.00696204,0.00530730
3.29700000,0.00000000,-0.00619647,0.00485823
3.30200000,0.00000000,-0.00480827,0.00432996
3.30700000,0.00000000,-0.00302044,0.00374521
3.31200000,0.00000000,-0.00107789,0.00312568
3.31700000,0.00000000,0.00078270,0.00249159
3.32200000,0.00000000,0.00235881,0.00186136
3.32700000,0.00000000,0.00350151,0.00125123
3.33200000,0.00000000,0.00412672,0.00067516
3.33700000,0.00000000,0.00421791,0.00014465
3.34200000,0.00000000,0.00382089,-0.00033128
3.34700000,0.00000000,0.00303205,-0.00074602
3.35200000,0.00000000,0.00198211,-0.00109534
3.35700000,0.00000000,0.00081767,-0.00137719
3.36200000,0.00000000,-0.00031711,-0.00159153
3.36700000,0.00000000,-0.00129656,-0.00174013
3.37200000,0.00000000,-0.00202589,-0.00182628
3.37700000,0.00000000,-0.00244864,-0.00185459
3.38200000,0.00000000,-0.00254908,-0.00183067
3.38700000,0.00000000,-0.00234971,-0.00176090
3.39200000,0.00000000,-0.00190467,-0.00165219
3.39700000,0.00000000,-0.00129030,-0.00151171
3.40200000,0.00000000,-0.00059413,-0.00134666
3.40700000,0.00000000,0.00009625,-0.00116412
3.41200000,0.00000000,0.00070311,-0.00097086
3.41700000,0.00000000,0.00116637,-0.00077318
3.42200000,0.00000000,0.00144856,-0.00057678
3.42700000,0.00000000,0.00153670,-0.00038675
3.43200000,0.00000000,0.00144120,-0.00020739
3.43700000,0.00000000,0.00119220,-0.00004230
3.44200000,0.00000000,0.00083410,0.00010574
3.44700000,0.00000000,0.00041902,0.00023467
3.45200000,0.00000000,0.00000004,0.00034319
3.45700000,0.00000000,-0.00037489,0.00043068
3.46200000,0.00000000,-0.00066785,0.00049712
3.46700000,0.00000000,-0.00085422,0.00054309
3.47200000,0.00000000,-0.00092405,0.00056961
3.47700000,0.00000000,-0.00088169,0.00057813
3.48200000,0.00000000,-0.00074374,0.00057040
3.48700000,0.00000000,-0.00053590,0.00054842
3.49200000,0.00000000,-0.00028910,0.00051433
3.49700000,0.00000000,-0.00003546,0.00047038
3.50200000,0.00000000,0.00019554,0.00041882
3.50700000,0.00000000,0.00038006,0.00036184
3.51200000,0.00000000,0.00050204,0.00030155
3.51700000,0.00000000,0.00055423,0.00023992
3.52200000,0.00000000,0.00053804,0.00017872
3.52700000,0.00000000,0.00046250,0.00011953
3.53200000,0.00000000,0.00034242,0.00006369
3.53700000,0.00000000,0.00019612,0.00001232
3.54200000,0.00000000,0.00004294,-0.00003373
3.54700000,0.00000000,-0.00009900,-0.00007381
3.55200000,0.00000000,-0.00021478,-0.00010752
3.55700000,0.00000000,-0.00029401,-0.00013468
3.56200000,0.00000000,-0.00033155,-0.00015528
3.56700000,0.00000000,-0.00032752,-0.00016949
3.57200000,0.00000000,-0.00028675,-0.00017766
3.57700000,0.00000000,-0.00021772,-0.00018022
3.58200000,0.00000000,-0.00013126,-0.00017772
3.58700000,0.00000000,-0.00003898,-0.00017080
3.59200000,0.00000000,0.00004801,-0.00016011
3.59700000,0.00000000,0.00012040,-0.00014636
3.60200000,0.00000000,0.00017152,-0.00013025
3.60700000,0.00000000,0.00019780,-0.00011247
3.61200000,0.00000000,0.00019887,-0.00009366
3.61700000,0.00000000,0.00017727,-0.00007445
3.62200000,0.00000000,0.00013782,-0.00005538
3.62700000,0.00000000,0.00008688,-0.00003694
3.63200000,0.00000000,0.00003143,-0.00001956
3.63700000,0.00000000,-0.00002174,-0.00000357
3.64200000,0.00000000,-0.00006686,0.00001075
3.64700000,0.00000000,-0.00009965,0.00002321
3.65200000,0.00000000,-0.00011768,0.00003369
3.65700000,0.00000000,-0.00012046,0.00004211
3.66200000,0.00000000,-0.00010928,0.00004850
3.66700000,0.00000000,-0.00008688,0.00005290
3.67200000,0.00000000,-0.00005697,0.00005541
3.67700000,0.00000000,-0.00002374,0.00005618
3.68200000,0.00000000,0.00000868,0.00005537
3.68700000,0.00000000,0.00003671,0.00005319
3.69200000,0.00000000,0.00005763,0.00004984
3.69700000,0.00000000,0.00006981,0.00004554
3.70200000,0.00000000,0.00007279,0.00004051
3.70700000,0.00000000,0.00006719,0.00003496
3.71200000,0.00000000,0.00005456,0.00002909
3.71700000,0.00000000,0.00003706,0.00002310
3.72200000,0.00000000,0.00001720,0.00001716
3.72700000,0.00000000,-0.00000252,0.00001142
3.73200000,0.00000000,-0.00001988,0.00000600
3.73700000,0.00000000,-0.00003317,0.00000103
3.74200000,0.00000000,-0.00004129,-0.00000343
3.74700000,0.00000000,-0.00004387,-0.00000730
3.75200000,0.00000000,-0.00004120,-0.00001055
3.75700000,0.00000000,-0.00003414,-0.00001317
3.76200000,0.00000000,-0.00002395,-0.00001515
3.76700000,0.00000000,-0.00001211,-0.00001651
3.77200000,0.00000000,-0.00000014,-0.00001728
3.77700000,0.00000000,0.00001059,-0.00001751
3.78200000,0.00000000,0.00001898,-0.00001725
3.78700000,0.00000000,0.00002434,-0.00001657
3.79200000,0.00000000,0.00002637,-0.00001552
3.79700000,0.00000000,0.00002520,-0.00001417
3.80200000,0.00000000,0.00002129,-0.00001260
3.80700000,0.00000000,0.00001538,-0.00001087
3.81200000,0.00000000,0.00000834,-0.00000904
3.81700000,0.00000000,0.00000110,-0.00000717
3.82200000,0.00000000,-0.00000551,-0.00000532
3.82700000,0.00000000,-0.00001080,-0.00000353
3.83200000,0.00000000,-0.00001430,-0.00000184
3.83700000,0.00000000,-0.00001582,-0.00000029
3.84200000,0.00000000,-0.00001538,0.00000109
3.84700000,0.00000000,-0.00001324,0.00000230
3.85200000,0.00000000,-0.00000982,0.00000331
3.85700000,0.00000000,-0.00000565,0.00000412
3.86200000,0.00000000,-0.00000128,0.00000473
3.86700000,0.00000000,0.00000278,0.00000515
3.87200000,0.00000000,0.00000610,0.00000539
3.87700000,0.00000000,0.00000837,0.00000546
3.88200000,0.00000000,0.00000946,0.00000538
3.88700000,0.00000000,0.00000936,0.00000516
3.89200000,0.00000000,0.00000820,0.00000483
3.89700000,0.00000000,0.00000624,0.00000441
3.90200000,0.00000000,0.00000378,0.00000392
3.90700000,0.00000000,0.00000114,0.00000338
3.91200000,0.00000000,-0.00000134,0.00000281
3.91700000,0.00000000,-0.00000342,0.00000222
3.92200000,0.00000000,-0.00000488,0.00000165
3.92700000,0.00000000,-0.00000564,0.00000109
3.93200000,0.00000000,-0.00000568,0.00000057
3.93700000,0.00000000,-0.00000507,0.00000008
3.94200000,0.00000000,-0.00000395,-0.00000035
3.94700000,0.00000000,-0.00000250,-0.00000072
3.95200000,0.00000000,-0.00000092,-0.00000104
3.95700000,0.00000000,0.00000060,-0.00000129
3.96200000,0.00000000,0.00000190,-0.00000148
3.96700000,0.00000000,0.00000284,-0.00000161
3.97200000,0.00000000,0.00000336,-0.00000168
3.97700000,0.00000000,0.00000344,-0.00000170
3.98200000,0.00000000,0.00000313,-0.00000167
3.98700000,0.00000000,0.00000249,-0.00000161
3.99200000,0.00000000,0.00000164,-0.00000150
3.99700000,0.00000000,0.00000069,-0.00000137
4.00200000,0.00000000,-0.00000024,-0.00000122
4.00700000,0.00000000,-0.00000104,-0.00000105
4.01200000,0.00000000,-0.00000164,-0.00000087
4.01700000,0.00000000,-0.00000199,-0.00000069
4.02200000,0.00000000,-0.00000208,-0.00000051
4.02700000,0.00000000,-0.00000192,-0.00000034
4.03200000,0.00000000,-0.00000156,-0.00000017
4.03700000,0.00000000,-0.00000106,-0.00000002
4.04200000,0.00000000,-0.00000050,0.00000011
4.04700000,0.00000000,0.00000007,0.00000023
4.05200000,0.00000000,0.00000056,0.00000032
4.05700000,0.00000000,0.00000094,0.00000040
4.06200000,0.00000000,0.00000118,0.00000046
4.06700000,0.00000000,0.00000125,0.00000050
4.07200000,0.00000000,0.00000118,0.00000052
4.07700000,0.00000000,0.00000098,0.00000053
4.08200000,0.00000000,0.00000069,0.00000052
4.08700000,0.00000000,0.00000035,0.00000050
4.09200000,0.00000000,0.00000001,0.00000047
4.09700000,0.00000000,-0.00000030,0.00000043
4.10200000,0.00000000,-0.00000054,0.00000038
4.10700000,0.00000000,-0.00000069,0.00000033
4.11200000,0.00000000,-0.00000075,0.00000027
4.11700000,0.00000000,-0.00000072,0.00000021
4.12200000,0.00000000,-0.00000061,0.00000016
4.12700000,0.00000000,-0.00000044,0.00000010
4.13200000,0.00000000,-0.00000024,0.00000005
4.13700000,0.00000000,-0.00000003,0.00000001
4.14200000,0.00000000,0.00000016,-0.00000004
4.14700000,0.00000000,0.00000031,-0.00000007
4.15200000,0.00000000,0.00000041,-0.00000010
4.15700000,0.00000000,0.00000045,-0.00000013
4.16200000,0.00000000,0.00000044,-0.00000014
4.16700000,0.00000000,0.00000038,-0.00000016
4.17200000,0.00000000,0.00000028,-0.00000016
4.17700000,0.00000000,0.00000016,-0.00000017
4.18200000,0.00000000,0.00000004,-0.00000016
4.18700000,0.00000000,-0.00000008,-0.00000016
4.19200000,0.00000000,-0.00000017,-0.00000015
4.19700000,0.00000000,-0.00000024,-0.00000013
4.20200000,0.00000000,-0.00000027,-0.00000012
4.20700000,0.00000000,-0.00000027,-0.00000010
4.21200000,0.00000000,-0.00000023,-0.00000008
4.21700000,0.00000000,-0.00000018,-0.00000007
4.22200000,0.00000000,-0.00000011,-0.00000005
4.22700000,0.00000000,-0.00000003,-0.00000003
4.23200000,0.00000000,0.00000004,-0.00000002
4.23700000,0.00000000,0.00000010,-0.00000000
4.24200000,0.00000000,0.00000014,0.00000001
4.24700000,0.00000000,0.00000016,0.00000002
4.25200000,0.00000000,0.00000016,0.00000003
4.25700000,0.00000000,0.00000015,0.00000004
4.26200000,0.00000000,0.00000011,0.00000005
4.26700000,0.00000000,0.00000007,0.00000005
4.27200000,0.00000000,0.00000003,0.00000005
4.27700000,0.00000000,-0.00000002,0.00000005
4.28200000,0.00000000,-0.00000005,0.00000005
4.28700000,0.00000000,-0.00000008,0.00000005
4.29200000,0.00000000,-0.00000010,0.00000005
4.29700000,0.00000000,-0.00000010,0.00000004
4.30200000,0.00000000,-0.00000009,0.00000004
4.30700000,0.00000000,-0.00000007,0.00000003
4.31200000,0.00000000,-0.00000005,0.00000003
4.31700000,0.00000000,-0.00000002,0.00000002
4.32200000,0.00000000,0.00000001,0.00000002
4.32700000,0.00000000,0.00000003,0.00000001
4.33200000,0.00000000,0.00000005,0.00000001
4.33700000,0.00000000,0.00000006,0.00000000
4.34200000,0.00000000,0.00000006,-0.00000000
4.34700000,0.00000000,0.00000005,-0.00000001
4.35200000,0.00000000,0.00000004,-0.00000001
4.35700000,0.00000000,0.00000003,-0.00000001
4.36200000,0.00000000,0.00000001,-0.00000001
4.36700000,0.00000000,-0.00000000,-0.00000002
4.37200000,0.00000000,-0.00000002,-0.00000002
4.37700000,0.00000000,-0.00000003,-0.00000002
4.38200000,0.00000000,-0.00000003,-0.00000002
4.38700000,0.00000000,-0.00000004,-0.00000002
4.39200000,0.00000000,-0.00000003,-0.00000001
4.39700000,0.00000000,-0.00000003,-0.00000001
4.40200000,0.00000000,-0.00000002,-0.00000001
4.40700000,0.00000000,-0.00000001,-0.00000001
4.41200000,0.00000000,-0.00000000,-0.00000001
4.41700000,0.00000000,0.00000001,-0.00000001
4.42200000,0.00000000,0.00000002,-0.00000000
4.42700000,0.00000000,0.00000002,-0.00000000
4.43200000,0.00000000,0.00000002,-0.00000000
4.43700000,0.00000000,0.00000002,-0.00000000
4.44200000,0.00000000,0.00000002,0.00000000
4.44700000,0.00000000,0.00000001,0.00000000
4.45200000,0.00000000,0.00000001,0.00000000
4.45700000,0.00000000,0.00000000,0.00000000
4.46200000,0.00000000,-0.00000000,0.00000000
4.46700000,0.00000000,-0.00000001,0.00000000
4.47200000,0.00000000,-0.00000001,0.00000000
4.47700000,0.00000000,-0.00000001,0.00000001
4.48200000,0.00000000,-0.00000001,0.00000000
4.48700000,0.00000000,-0.00000001,0.00000000
4.49200000,0.00000000,-0.00000001,0.00000000
4.49700000,0.00000000,-0.00000000,0.00000000
4.50200000,0.00000000,-0.00000000,0.00000000
4.50700000,0.00000000,0.00000000,0.00000000
4.51200000,0.00000000,0.00000000,0.00000000
4.51700000,0.00000000,0.00000001,0.00000000
4.52200000,0.00000000,0.00000001,0.00000000
4.52700000,0.00000000,0.00000001,0.00000000
4.53200000,0.00000000,0.00000001,0.00000000
4.53700000,0.00000000,0.00000001,0.00000000
4.54200000,0.00000000,0.00000000,-0.00000000
4.54700000,0.00000000,0.00000000,-0.00000000
4.55200000,0.00000000,-0.00000000,-0.00000000
4.55700000,0.00000000,-0.00000000,-0.00000000
4.56200000,0.00000000,-0.00000000,-0.00000000
4.56700000,0.00000000,-0.00000000,-0.00000000
4.57200000,0.00000000,-0.00000000,-0.00000000
4.57700000,0.00000000,-0.00000000,-0.00000000
4.58200000,0.00000000,-0.00000000,-0.00000000
4.58700000,0.00000000,-0.00000000,-0.00000000
4.59200000,0.00000000,-0.00000000,-0.00000000
4.59700000,0.00000000,0.00000000,-0.00000000
4.60200000,0.00000000,0.00000000,-0.00000000
4.60700000,0.00000000,0.00000000,-0.00000000
4.61200000,0.00000000,0.00000000,-0.00000000
4.61700000,0.00000000,0.00000000,-0.00000000
4.62200000,0.00000000,0.00000000,-0.00000000
4.62700000,0.00000000,0.00000000,-0.00000000
4.63200000,0.00000000,0.00000000,-0.00000000
4.63700000,0.00000000,0.00000000,-0.00000000
4.64200000,0.00000000,-0.00000000,0.00000000
4.64700000,0.00000000,-0.00000000,0.00000000
4.65200000,0.00000000,-0.00000000,0.00000000
4.65700000,0.00000000,-0.00000000,0.00000000
4.66200000,0.00000000,-0.00000000,0.00000000
4.66700000,0.00000000,-0.00000000,0.00000000
4.67200000,0.00000000,-0.00000000,0.00000000
4.67700000,0.00000000,-0.00000000,0.00000000
4.68200000,0.00000000,-0.00000000,0.00000000
4.68700000,0.00000000,0.00000000,0.00000000
4.69200000,0.00000000,0.00000000,0.00000000
4.69700000,0.00000000,0.00000000,0.00000000
